# https://docs.netlify.com/routing/redirects/
# 301! for redirects
# 200! for rewrites/proxy
# always ! behind numbers so local files are ignored even if present
# Redirects first, then Rewrites, otherwise the rewrites will never be triggered


#################
### Redirects ### = send the user to a different URL in the address bar
#################

###
### For old pages of nexusjs.org when it was a framework and documentation was in the root
###

/getting-started/                                                 /docs                                                                 301
/getting-started/examples/                                        /docs/getting-started/examples                                        301
/getting-started/tutorial/                                        /docs/getting-started/tutorial                                        301                        
/getting-started/tutorial/chapter-introduction/                   /docs/getting-started/tutorial/chapter-introduction                   301
/getting-started/tutorial/chapter-adding-mutations-to-your-api/   /docs/getting-started/tutorial/chapter-adding-mutations-to-your-api   301
/getting-started/tutorial/chapter-authentication/                 /docs/getting-started/tutorial/chapter-authentication                 301
/getting-started/tutorial/chapter-persisting-data-via-prisma/     /docs/getting-started/tutorial/chapter-persisting-data-via-prisma     301
/getting-started/tutorial/chapter-setup-and-first-query/          /docs/getting-started/tutorial/chapter-setup-and-first-query          301
/getting-started/tutorial/chapter-testing-with-prisma/            /docs/getting-started/tutorial/chapter-testing-with-prisma            301
/getting-started/tutorial/chapter-testing-your-api/               /docs/getting-started/tutorial/chapter-testing-your-api               301
/getting-started/tutorial/chapter-writing-your-first-schema/      /docs/getting-started/tutorial/chapter-writing-your-first-schema      301

/meta/roadmap/                          https://nxs.li/roadmap   301
/meta/changelog/                        https://nxs.li/changelog 301

/adoption-guides/prisma-users/          /docs/adoption-guides/prisma-users/ 301

/pluginss/prisma/          /docs/pluginss/prisma 301
/pluginss/prisma/devtime/  /docs/pluginss/prisma 301
/pluginss/prisma/overview/ /docs/pluginss/prisma 301
/pluginss/prisma/runtime/  /docs/pluginss/prisma 301

/components-standalone/logger/                            https://github.com/jasonkuhrt/floggy    301
/components-standalone/logger/api/                        https://github.com/jasonkuhrt/floggy    301
/components-standalone/logger/plugins-api/                https://github.com/jasonkuhrt/floggy    301
/components-standalone/logger/plugins/                    https://github.com/jasonkuhrt/floggy    301
/components-standalone/schema/                            /docs                                   301
/components-standalone/schema/api/                        /docs                                   301
/components-standalone/schema/api/api-args/               /docs/api/args                          301
/components-standalone/schema/api/api-enumtype/           /docs/api/enum-type                     301
/components-standalone/schema/api/api-extendtype/         /docs/api/extend-type                   301
/components-standalone/schema/api/api-inputobjecttype/    /docs/api/input-object-type             301
/components-standalone/schema/api/api-interfacetype/      /docs/api/interface-type                301
/components-standalone/schema/api/api-makeschema/         /docs/api/make-schema                   301
/components-standalone/schema/api/api-mutation-field/     /docs/api/mutation-field                301
/components-standalone/schema/api/api-objecttype/         /docs/api/object-type                   301
/components-standalone/schema/api/api-plugins/            /docs/api/plugins                       301
/components-standalone/schema/api/api-queryfield/         /docs/api/query-field                   301
/components-standalone/schema/api/api-scalartype/         /docs/api/scalar-type                   301
/components-standalone/schema/api/api-uniontype/          /docs/api/union-type                    301
/components-standalone/schema/plugins/                    /docs                                   301
/components-standalone/schema/plugins/connection/         /docs/pluginss/connection               301
/components-standalone/schema/plugins/field-authorize/    /docs/pluginss/field-authorize          301
/components-standalone/schema/plugins/nullability-guard/  /docs/pluginss/nullability-guard        301
/components-standalone/schema/plugins/prisma/             /docs/pluginss/prisma                   301
/components-standalone/schema/plugins/query-complexity/   /docs/pluginss/query-complexity         301
/components-standalone/schema/sdl-converter/              /converter                              301


### Pages where redirect from framework to schema library is not possible ###

/components-standalone/                /       301 # This concept does not exist

/adoption-guides/                      /docs   301 # No landing page on new website
/adoption-guides/nexus-schema-users/   /docs   301 # Guide no longer exists
/adoption-guides/nexus-users/          /docs   301 # Guide no longer exists

/guides/                            /   301 # No landing page on new website
/guides/cli/                        /   301 # Guide no longer exists
/guides/concepts/                   /   301 # Guide no longer exists
/guides/configuration-management/   /   301 # Guide no longer exists
/guides/error-handling/             /   301 # Guide no longer exists
/guides/lifecycle/                  /   301 # Guide no longer exists
/guides/logger/                     /   301 # Guide no longer exists
/guides/plugins/                    /   301 # Guide no longer exists
/guides/project-layout/             /   301 # Guide no longer exists
/guides/recipes/                    /   301 # Guide no longer exists
/guides/schema/                     /   301 # Guide no longer exists
/guides/server/                     /   301 # Guide no longer exists
/guides/testing/                    /   301 # Guide no longer exists
/guides/writing-plugins/            /   301 # Guide no longer exists

/pluginss/                 /docs   301 # No landing page on new website
/pluginss/auth0/           /docs   301 # Plugin does not exist for schema
/pluginss/graphql-shield/  /docs   301 # Plugin does not exist for schema
/pluginss/jwt-auth/        /docs   301 # Plugin does not exist for schema


/api/                   /docs   301 # No landing page
/api/nexus-plugin/      /docs   301 # No plugin api docs
/api/nexus-testing/     /docs   301 # No testing api
/api/nexus/             /docs   301
/api/nexus/log/         /docs   301 # No log api
/api/nexus/on/          /docs   301 # No lifecycle api
/api/nexus/schema/      /docs   301 # No landing page for schema api
/api/nexus/server/      /docs   301 # No server api
/api/nexus/settings/    /docs   301 # No settings api
/api/nexus/use/         /docs   301 # No plugin use api

# No meta content
/meta/                  /docs   301
/meta/architecture/     /docs   301
/meta/spec-sheet/       /docs   301


###
### Redirects for old pages of nexus.js.org
###

/docs/getting-started       /docs            301
/docs/future-features       /                301
/docs/why-graphql-nexus     /docs/why-nexus  301

/docs/best-practices        /docs/guides/best-practices  301
/docs/type-generation       /docs/guides/generated-artifacts#typescript-type-generation  301
/docs/library-authors       /docs/guides/library-authors  301

/docs/api-core-concepts     /docs/api/introduction  301
/docs/api-objecttype        /docs/api/object-type  301
/docs/api-uniontype         /docs/api/union-type  301
/docs/api-scalartype        /docs/api/scalar-type  301
/docs/api-interfacetype     /docs/api/interface-type  301
/docs/api-inputobjecttype   /docs/api/input-object-type  301
/docs/api-enumtype          /docs/api/enum-type  301
/docs/api-args              /docs/api/args  301
/docs/api-makeschema        /docs/api/make-schema  301
/docs/api-extendtype        /docs/api/extend-type  301
/docs/api-mutationfield     /docs/api/mutation-field  301
/docs/api-queryfield        /docs/api/query-field  301
/docs/api-plugins           /docs/api/plugins  301

/docs/plugin-connection         /docs/pluginss/connection  301
/docs/plugin-fieldauthorize     /docs/pluginss/field-authorize  301
/docs/plugin-nullabilityguard   /docs/pluginss/nullability-guard  301
/docs/plugin-querycomplexity    /docs/pluginss/query-complexity  301
/docs/nexus-prisma              /docs/pluginss/prisma  301

/users	/    301
/docs/builder-construction	  /   301

/docs/pluginss/prisma /docs/plugins/prisma 301


#######################################################################################################################################
#######################################################################################################################################
#######################################################################################################################################



###############################
### Reverse Proxy / Rewrite ### = show the content of a different URL, but keep the entered address in the address bar
###############################

/docs/*    https://graphql-nexus-schema-docs.netlify.app/:splat 200!
